"Timestamp","ProcessId","CPUSeconds","WorkingSetMB","PrivateMemoryMB","Threads","Handles"
"2026-04-24T02:06:39.6512813+07:00","3456","0,328","45,12","11,04","20","392"
"2026-04-24T02:06:40.6832102+07:00","3456","0,344","45,58","11,16","21","395"
"2026-04-24T02:06:41.6929179+07:00","3456","0,344","45,46","11,64","21","395"
"2026-04-24T02:06:42.7018860+07:00","3456","0,344","45,46","11,64","21","395"
"2026-04-24T02:06:43.7155825+07:00","3456","0,344","45,49","11,64","21","395"
"2026-04-24T02:06:44.7348882+07:00","3456","0,344","45,49","11,64","21","395"
"2026-04-24T02:06:45.7401276+07:00","3456","0,359","45,68","11,64","21","395"
"2026-04-24T02:06:46.7522749+07:00","3456","0,359","45,68","11,64","21","395"
"2026-04-24T02:06:47.7720226+07:00","3456","0,359","45,68","11,64","21","395"
"2026-04-24T02:06:48.7864678+07:00","3456","0,359","45,68","11,64","21","395"
"2026-04-24T02:06:49.8010257+07:00","3456","0,375","45,64","11,58","20","392"
"2026-04-24T02:06:50.8131897+07:00","3456","0,375","45,64","11,58","20","392"
"2026-04-24T02:06:51.8181058+07:00","3456","0,375","45,64","11,58","20","392"
"2026-04-24T02:06:52.8300318+07:00","3456","0,375","45,64","11,58","20","392"
"2026-04-24T02:06:53.8470486+07:00","3456","0,375","45,64","11,58","20","392"
"2026-04-24T02:06:54.8583410+07:00","3456","0,375","45,64","11,58","20","392"
"2026-04-24T02:06:55.8685761+07:00","3456","0,375","45,64","11,57","20","395"
"2026-04-24T02:06:56.8849873+07:00","3456","0,375","45,64","11,57","20","395"
"2026-04-24T02:06:57.9000715+07:00","3456","0,375","45,61","11,57","20","395"
"2026-04-24T02:06:58.9134011+07:00","3456","0,375","45,62","11,58","20","395"
"2026-04-24T02:06:59.9309036+07:00","3456","0,375","45,62","11,58","20","395"
"2026-04-24T02:07:00.9497415+07:00","3456","0,375","45,62","11,58","20","395"
"2026-04-24T02:07:01.9687874+07:00","3456","0,375","45,62","11,58","20","395"
"2026-04-24T02:07:02.9841598+07:00","3456","0,375","45,6","11,54","19","392"
"2026-04-24T02:07:03.9965653+07:00","3456","0,375","45,6","11,54","19","392"
"2026-04-24T02:07:05.0120457+07:00","3456","0,375","45,6","11,54","19","392"
"2026-04-24T02:07:06.0264873+07:00","3456","0,375","45,65","11,56","20","397"
"2026-04-24T02:07:07.0372698+07:00","3456","0,375","45,65","11,56","20","397"
"2026-04-24T02:07:08.0450197+07:00","3456","0,375","45,65","11,56","20","397"
"2026-04-24T02:07:09.0631326+07:00","3456","0,375","45,65","11,56","20","397"
"2026-04-24T02:07:10.0749327+07:00","3456","0,375","45,64","11,53","19","394"
"2026-04-24T02:07:11.0803781+07:00","3456","0,375","45,64","11,53","19","394"
"2026-04-24T02:07:12.0838447+07:00","3456","0,375","45,64","11,53","19","394"
"2026-04-24T02:07:13.0991637+07:00","3456","0,375","45,63","11,53","19","394"
"2026-04-24T02:07:14.1102990+07:00","3456","0,375","45,63","11,53","19","394"
"2026-04-24T02:07:15.1262271+07:00","3456","0,375","45,63","11,53","19","394"
"2026-04-24T02:07:16.1411162+07:00","3456","0,375","45,63","11,53","19","394"
"2026-04-24T02:07:17.1510627+07:00","3456","0,375","45,26","10,53","20","397"
"2026-04-24T02:07:18.1680152+07:00","3456","0,375","45,26","10,53","20","397"
"2026-04-24T02:07:19.1778104+07:00","3456","0,375","45,46","10,71","20","397"
"2026-04-24T02:07:20.1970355+07:00","3456","0,375","45,46","10,71","20","397"
"2026-04-24T02:07:21.2026215+07:00","3456","0,375","45,46","10,59","20","397"
"2026-04-24T02:07:22.2109747+07:00","3456","0,375","45,46","10,59","20","397"
"2026-04-24T02:07:23.2210928+07:00","3456","0,375","45,46","10,59","20","397"
"2026-04-24T02:07:24.2352868+07:00","3456","0,375","45,46","10,59","20","397"
"2026-04-24T02:07:25.2539449+07:00","3456","0,375","45,43","10,54","19","394"
"2026-04-24T02:07:26.2661464+07:00","3456","0,375","45,43","10,54","19","394"
"2026-04-24T02:07:27.2858020+07:00","3456","0,375","45,43","10,54","19","394"
"2026-04-24T02:07:28.2967451+07:00","3456","0,375","45,43","10,54","19","394"
"2026-04-24T02:07:29.3130186+07:00","3456","0,375","45,43","10,54","19","394"
"2026-04-24T02:07:30.3229696+07:00","3456","0,375","45,43","10,54","19","394"
"2026-04-24T02:07:31.3378350+07:00","3456","0,375","45,43","10,54","19","394"
"2026-04-24T02:07:32.3491934+07:00","3456","0,391","45,8","10,96","20","397"
"2026-04-24T02:07:33.3575497+07:00","3456","0,391","45,8","10,96","20","397"
"2026-04-24T02:07:34.3757559+07:00","3456","0,391","45,8","10,96","20","397"
"2026-04-24T02:07:35.3943905+07:00","3456","0,391","45,77","10,88","17","396"
"2026-04-24T02:07:36.4073044+07:00","3456","0,391","45,77","10,88","17","396"
"2026-04-24T02:07:37.4213407+07:00","3456","0,391","45,77","10,88","17","396"
"2026-04-24T02:07:38.4377878+07:00","3456","0,406","46,33","11,56","17","396"
"2026-04-24T02:07:39.4548587+07:00","3456","0,406","46,33","11,56","17","398"
"2026-04-24T02:07:40.4678218+07:00","3456","0,406","46,33","11,56","17","398"
"2026-04-24T02:07:41.4865052+07:00","3456","0,406","46,33","11,56","17","398"
"2026-04-24T02:07:42.4949574+07:00","3456","0,406","46,28","11,5","16","395"
"2026-04-24T02:07:43.5110688+07:00","3456","0,406","46,28","11,5","16","395"
"2026-04-24T02:07:44.5166696+07:00","3456","0,406","46,28","11,5","16","395"
"2026-04-24T02:07:45.5359574+07:00","3456","0,406","46,28","11,5","16","395"
"2026-04-24T02:07:46.5441225+07:00","3456","0,406","46,28","11,5","16","395"
"2026-04-24T02:07:47.5561449+07:00","3456","0,406","46,28","11,5","16","395"
"2026-04-24T02:07:48.5639086+07:00","3456","0,406","46,28","11,5","16","395"
"2026-04-24T02:07:49.5746890+07:00","3456","0,406","46,28","11,5","16","395"
"2026-04-24T02:07:50.5855059+07:00","3456","0,406","46,28","11,5","16","395"
"2026-04-24T02:07:51.5996606+07:00","3456","0,406","46,28","11,5","16","395"
"2026-04-24T02:07:52.6105268+07:00","3456","0,406","46,28","11,5","16","395"
"2026-04-24T02:07:53.6222106+07:00","3456","0,406","46,28","11,5","16","395"
"2026-04-24T02:07:54.6400177+07:00","3456","0,406","46,34","11,61","17","398"
"2026-04-24T02:07:55.6490021+07:00","3456","0,422","45,8","10,69","17","398"
"2026-04-24T02:07:56.6630889+07:00","3456","0,422","45,8","10,69","17","398"
"2026-04-24T02:07:57.6759438+07:00","3456","0,422","45,8","10,69","17","398"
"2026-04-24T02:07:58.6919755+07:00","3456","0,422","45,8","10,69","17","398"
"2026-04-24T02:07:59.7121368+07:00","3456","0,422","45,77","10,65","16","395"
"2026-04-24T02:08:00.7220795+07:00","3456","0,422","45,77","10,65","16","395"
"2026-04-24T02:08:01.7331925+07:00","3456","0,422","45,77","10,65","16","395"
"2026-04-24T02:08:02.7511837+07:00","3456","0,422","45,77","10,65","16","395"
"2026-04-24T02:08:03.7690511+07:00","3456","0,422","45,77","10,65","16","395"
"2026-04-24T02:08:04.7836868+07:00","3456","0,422","45,77","10,65","16","395"
"2026-04-24T02:08:05.7930259+07:00","3456","0,422","45,8","10,8","17","398"
"2026-04-24T02:08:06.7994924+07:00","3456","0,422","45,8","10,8","17","398"
"2026-04-24T02:08:07.8143981+07:00","3456","0,422","45,8","10,8","17","398"
"2026-04-24T02:08:08.8329933+07:00","3456","0,422","45,8","10,8","17","398"
"2026-04-24T02:08:09.8373201+07:00","3456","0,422","45,77","10,77","16","395"
"2026-04-24T02:08:10.8449688+07:00","3456","0,422","45,77","10,77","16","395"
"2026-04-24T02:08:11.8559752+07:00","3456","0,422","45,77","10,77","16","395"
"2026-04-24T02:08:12.8740132+07:00","3456","0,422","45,77","10,77","16","395"
"2026-04-24T02:08:13.8895268+07:00","3456","0,422","45,77","10,77","16","395"
"2026-04-24T02:08:14.9069422+07:00","3456","0,422","45,77","10,77","16","395"
"2026-04-24T02:08:15.9191328+07:00","3456","0,422","45,77","10,77","16","395"
"2026-04-24T02:08:16.9322135+07:00","3456","0,422","45,77","10,77","16","395"
"2026-04-24T02:08:17.9533648+07:00","3456","0,422","45,77","10,77","16","395"
"2026-04-24T02:08:18.9670599+07:00","3456","0,422","45,77","10,77","16","395"
"2026-04-24T02:08:19.9731347+07:00","3456","0,422","45,77","10,77","16","395"
"2026-04-24T02:08:20.9829615+07:00","3456","0,422","45,77","10,77","16","395"
"2026-04-24T02:08:21.9926075+07:00","3456","0,422","45,77","10,77","16","395"
"2026-04-24T02:08:22.9978921+07:00","3456","0,422","45,77","10,77","16","395"
"2026-04-24T02:08:24.0191975+07:00","3456","0,422","45,77","10,77","16","395"
"2026-04-24T02:08:25.0306559+07:00","3456","0,422","45,77","10,77","16","395"
"2026-04-24T02:08:26.0486510+07:00","3456","0,422","45,75","10,73","15","395"
"2026-04-24T02:08:27.0587802+07:00","3456","0,422","45,75","10,73","15","395"
"2026-04-24T02:08:28.0732187+07:00","3456","0,422","45,75","10,73","15","395"
"2026-04-24T02:08:29.0902754+07:00","3456","0,422","45,75","10,73","15","395"
"2026-04-24T02:08:30.1002856+07:00","3456","0,422","45,75","10,73","15","395"
"2026-04-24T02:08:31.1213850+07:00","3456","0,422","45,75","10,73","15","395"
"2026-04-24T02:08:32.1363989+07:00","3456","0,422","45,75","10,73","15","395"
"2026-04-24T02:08:33.1551491+07:00","3456","0,422","45,75","10,73","15","395"
"2026-04-24T02:08:34.1660452+07:00","3456","0,422","45,75","10,73","15","395"
"2026-04-24T02:08:35.1801957+07:00","3456","0,422","45,75","10,73","15","395"
"2026-04-24T02:08:36.1974335+07:00","3456","0,422","45,51","10,43","17","401"
"2026-04-24T02:08:37.2111025+07:00","3456","0,422","45,51","10,43","17","401"
"2026-04-24T02:08:38.2220694+07:00","3456","0,422","45,51","10,43","17","401"
"2026-04-24T02:08:39.2361108+07:00","3456","0,422","45,51","10,43","17","401"
